{
  "temperature": 0.179019,
  "top_p": 0.710024
}